Rank,Team,GM,W-L,PTS,PPG,3FG,3FGA,FGM,FGA,FG%
310,A&M-Corpus Christi (Southland),24,5-19,"1,554",64.8,153,464,542,"1,296",41.8
69,Abilene Christian (Southland),29,24-5,"2,196",75.7,221,643,786,"1,752",44.9
336,Air Force (Mountain West),25,5-20,"1,468",58.7,174,527,522,"1,170",44.6
35,Akron (MAC),23,15-8,"1,798",78.2,217,652,628,"1,415",44.4
323,Alabama A&M (SWAC),15,6-9,950,63.3,83,286,347,868,40
315,Alabama St. (SWAC),18,4-14,"1,156",64.2,111,350,383,"1,009",38
25,Alabama (SEC),33,26-7,"2,629",79.7,348,989,924,"2,125",43.5
228,Albany (NY) (America East),16,7-9,"1,110",69.4,102,303,395,883,44.7
284,Alcorn (SWAC),19,6-13,"1,256",66.1,113,376,435,"1,107",39.3
231,American (Patriot),10,4-6,691,69.1,90,238,248,557,44.5
197,App State (Sun Belt),29,17-12,"2,039",70.3,233,737,690,"1,688",40.9
96,Arizona St. (Pac-12),25,11-14,"1,858",74.3,179,537,656,"1,515",43.3
73,Arizona (Pac-12),26,17-9"1,961",75.4,174,468,667,"1,492",44.7
330,Ark.-Pine Bluff (SWAC),25,4-21,"1,549",62,123,400,524,"1,356",38.6
134,Arkansas St. (Sun Belt),24,11-13,"1,741",72.5,154,402,621,"1,390",44.7
11,Arkansas (SEC),32,25-7,"2,604",81.4,233,702,935,"2,071",45.1
157,Army West Point (Patriot),22,12-10,"1,578",71.7,172,527,587,"1,286",45.6
44,Auburn (SEC),27,13-14,"2,084",77.2,245,751,711,"1,628",43.7
94,Austin Peay (OVC),27,14-13,"2,007",74.3,194,573,733,"1,617",45.3
85,Ball St. (MAC),23,10-13,"1,719",74.7,195,570,613,"1,384",44.3
6,Baylor (Big 12),28,26-2,"2,323",83,278,677,858,"1,764",48.6
13,Belmont (OVC),30,26-4,"2,439",81.3,271,787,894,"1,829",48.9
301,Binghamton (America East),18,4-14,"1,178",65.4,156,472,430,"1,039",41.4
67,Boise St. (Mountain West),28,19-9,"2,122",75.8,220,635,743,"1,634",45.5
168,Boston College (ACC),20,4-16,"1,427",71.3,180,546,500,"1,186",42.2
227,Boston U. (Patriot),18,7-11,"1,249",69.4,125,393,451,"1,035",43.6
41,Bowling Green (MAC),26,14-12,"2,015",77.5,213,667,724,"1,732",41.8
218,Bradley (MVC),28,12-16,"1,948",69.6,192,603,736,"1,636",45
4,Bryant (NEC),22,15-7,"1,843",83.8,208,546,638,"1,372",46.5
80,Bucknell (Patriot),12,5-7,899,74.9,88,267,311,683,45.5
12,Buffalo (MAC),25,16-9,"2,034",81.4,175,518,766,"1,662",46.1
319,Butler (Big East),25,10-15,"1,588",63.5,179,554,572,"1,393",41.1
36,BYU (WCC),27,20-7,"2,109",78.1,236,633,776,"1,608",48.3
333,Cal Poly (Big West),24,4-20,"1,475",61.5,157,491,519,"1,315",39.5
47,Cal St. Fullerton (Big West),16,6-10,"1,232",77,131,341,430,951,45.2
303,California (Pac-12),29,9-20,"1,897",65.4,204,622,661,"1,536",43
182,Campbell (Big South),27,17-10,"1,917",71,195,520,699,"1,409",49.6
195,Canisius (MAAC),13,7-6,915,70.4,97,327,321,786,40.8
184,Central Ark. (Southland),24,5-19,"1,701",70.9,170,468,606,"1,388",43.7
243,Central Conn. St. (NEC),21,5-16,"1,439",68.5,150,463,522,"1,230",42.4
50,Central Mich. (MAC),23,7-16,"1,766",76.8,152,462,631,"1,417",44.5
298,Charleston So. (Big South),21,3-18,"1,375",65.5,160,506,480,"1,182",40.6
320,Charlotte (C-USA),25,9-16,"1,587",63.5,143,441,545,"1,261",43.2
130,Chattanooga (SoCon),26,18-8,"1,888",72.6,218,607,667,"1,522",43.8
338,Chicago St. (WAC),9,0-9,499,55.4,51,203,180,497,36.2
233,Cincinnati (AAC),23,12-11,"1,585",68.9,163,524,566,"1,339",42.3
307,Clemson (ACC),24,16-8,"1,558",64.9,198,574,562,"1,323",42.5
183,Cleveland St. (Horizon),27,19-8,"1,914",70.9,172,535,701,"1,558",45
28,Coastal Carolina (Sun Belt),26,18-8,"2,067",79.5,221,618,732,"1,604",45.6
190,Col. of Charleston (CAA),19,9-10,"1,341",70.6,158,422,481,"1,066",45.1
2,Colgate (Patriot),16,14-2,"1,363",85.2,148,367,495,"1,005",49.3
102,Colorado St. (Mountain West),28,20-8,"2,072",74,235,666,715,"1,536",46.5
115,Colorado (Pac-12),32,23-9,"2,340",73.1,246,661,828,"1,816",45.6
124,Coppin St. (MEAC),22,9-13,"1,602",72.8,193,636,529,"1,287",41.1
62,Creighton (Big East),31,22-9,"2,355",76,293,811,878,"1,862",47.2
215,CSU Bakersfield (Big West),26,15-11,"1,811",69.7,146,414,684,"1,531",44.7
148,CSUN (Big West),22,9-13,"1,586",72.1,170,503,560,"1,323",42.3
154,Davidson (Atlantic 10),22,13-9,"1,579",71.8,216,594,573,"1,214",47.2
210,Dayton (Atlantic 10),24,14-10,"1,674",69.8,192,516,592,"1,240",47.7
185,Delaware St. (MEAC),19,3-16,"1,345",70.8,152,492,468,"1,183",39.6
261,Delaware (CAA),15,7-8,"1,013",67.5,107,321,347,793,43.8
207,Denver (Summit League),21,2-19,"1,466",69.8,141,403,519,"1,172",44.3
290,DePaul (Big East),19,5-14,"1,250",65.8,103,327,481,"1,154",41.7
57,Detroit Mercy (Horizon),22,12-10,"1,683",76.5,225,575,598,"1,290",46.4
66,Drake (MVC),31,26-5,"2,354",75.9,218,594,908,"1,878",48.3
196,Drexel (CAA),20,12-8,"1,407",70.3,145,391,514,"1,100",46.7
61,Duke (ACC),24,13-11,"1,824",76,201,571,692,"1,479",46.8
271,Duquesne (Atlantic 10),18,9-9,"1,205",66.9,115,385,438,"1,040",42.1
272,East Carolina (AAC),19,8-11,"1,269",66.8,109,359,449,"1,094",41
226,Eastern Ill. (OVC),27,9-18,"1,874",69.4,186,574,707,"1,623",43.6
8,Eastern Ky. (OVC),29,22-7,"2,372",81.8,279,778,871,"1,946",44.8
194,Eastern Mich. (MAC),18,6-12,"1,267",70.4,128,411,448,"1,077",41.6
34,Eastern Wash. (Big Sky),24,16-8,"1,879",78.3,204,574,667,"1,425",46.8
292,Elon (CAA),19,10-9,"1,249",65.7,154,473,449,"1,084",41.4
224,ETSU (SoCon),25,13-12,"1,736",69.4,201,575,620,"1,416",43.8
309,Evansville (MVC),25,9-16,"1,619",64.8,240,637,571,"1,299",44
332,Fairfield (MAAC),27,10-17,"1,668",61.8,163,517,580,"1,456",39.8
76,Fairleigh Dickinson (NEC),24,9-15,"1,801",75,194,517,645,"1,432",45
153,FGCU (ASUN),18,10-8,"1,292",71.8,146,499,483,"1,126",42.9
110,FIU (C-USA),26,9-17,"1,914",73.6,273,816,690,"1,604",43
38,Fla. Atlantic (C-USA),23,13-10,"1,796",78.1,223,587,652,"1,409",46.3
294,Florida A&M (MEAC),20,8-12,"1,314",65.7,95,303,500,"1,126",44.4
46,Florida St. (ACC),25,18-7,"1,929",77.2,192,510,693,"1,461",47.4
99,Florida (SEC),25,15-10,"1,854",74.2,169,475,663,"1,407",47.1
340,Fordham (Atlantic 10),14,2-12,725,51.8,79,294,257,716,35.9
279,Fresno St. (Mountain West),24,12-12,"1,591",66.3,164,499,552,"1,289",42.8
27,Furman (SoCon),25,16-9,"1,990",79.6,242,708,730,"1,499",48.7
161,Ga. Southern (Sun Belt),26,13-13,"1,860",71.5,194,608,686,"1,536",44.7
188,Gardner-Webb (Big South),26,11-15,"1,837",70.7,232,643,651,"1,465",44.4
169,George Mason (Atlantic 10),22,13-9,"1,569",71.3,160,487,578,"1,347",42.9
252,George Washington (Atlantic 10),17,5-12,"1,158",68.1,102,315,411,928,44.3
166,Georgetown (Big East),26,13-13,"1,857",71.4,216,592,644,"1,521",42.3
19,Georgia St. (Sun Belt),22,16-6,"1,767",80.3,178,497,649,"1,386",46.8
79,Georgia Tech (ACC),26,17-9,"1,948",74.9,192,551,722,"1,513",47.7
42,Georgia (SEC),26,14-12,"2,014",77.5,165,509,734,"1,603",45.8
1,Gonzaga (WCC),30,30-0,"2,748",91.6,228,614,"1,017","1,853",54.9
265,Grambling (SWAC),24,12-12,"1,617",67.4,125,377,562,"1,313",42.8
72,Grand Canyon (WAC),24,17-7,"1,812",75.5,163,496,676,"1,384",48.8
159,Green Bay (Horizon),25,8-17,"1,790",71.6,170,511,656,"1,507",43.5
236,Hampton (Big South),25,11-14,"1,721",68.8,185,557,619,"1,437",43.1
302,Hartford (America East),24,15-9,"1,570",65.4,179,555,562,"1,305",43.1
160,Hawaii (Big West),21,11-10,"1,503",71.6,164,456,534,"1,208",44.2
274,High Point (Big South),24,9-15,"1,600",66.7,115,396,564,"1,357",41.6
117,Hofstra (CAA),23,13-10,"1,681",73.1,174,527,595,"1,342",44.3
189,Holy Cross (Patriot),16,5-11,"1,130",70.6,111,314,423,952,44.4
179,Houston Baptist (Southland),25,6-19,"1,776",71,202,588,635,"1,486",42.7
54,Houston (AAC),31,28-3,"2,375",76.6,285,804,833,"1,906",43.7
131,Howard (MEAC),5,1-4,363,72.6,38,123,123,283,43.5
250,Idaho St. (Big Sky),24,13-11,"1,637",68.2,166,499,559,"1,261",44.3
335,Idaho (Big Sky),22,1-21,"1,343",61,122,358,489,"1,133",43.2
150,Illinois St. (MVC),25,7-18,"1,799",72,195,566,679,"1,477",46
17,Illinois (Big Ten),31,24-7,"2,497",80.5,203,544,909,"1,819",50
276,Indiana St. (MVC),25,15-10,"1,662",66.5,149,446,580,"1,338",43.3
214,Indiana (Big Ten),27,12-15,"1,882",69.7,158,488,654,"1,510",43.3
172,Iona (MAAC),18,12-6,"1,283",71.3,132,381,446,"1,010",44.2
296,Iowa St. (Big 12),24,2-22,"1,574",65.6,175,546,591,"1,413",41.8
5,Iowa (Big Ten),31,22-9,"2,595",83.7,301,780,923,"1,961",47.1
177,IUPUI (Horizon),18,8-10,"1,281",71.2,143,416,452,"1,069",42.3
295,Jackson St. (SWAC),18,12-6,"1,181",65.6,100,294,397,"1,004",39.5
97,Jacksonville St. (OVC),27,18-9,"2,005",74.3,219,616,723,"1,568",46.1
260,Jacksonville (ASUN),24,11-13,"1,622",67.6,170,526,577,"1,320",43.7
37,James Madison (CAA),20,13-7,"1,562",78.1,166,486,543,"1,201",45.2
201,Kansas City (Summit League),24,11-13,"1,683",70.1,149,407,642,"1,292",49.7
331,Kansas St. (Big 12),29,9-20,"1,792",61.8,191,645,649,"1,577",41.2
118,Kansas (Big 12),30,21-9,"2,191",73,227,663,789,"1,809",43.6
299,Kennesaw St. (ASUN),24,5-19,"1,571",65.5,164,526,571,"1,359",42
53,Kent St. (MAC),23,15-8,"1,764",76.7,185,567,635,"1,432",44.3
193,Kentucky (SEC),25,9-16,"1,761",70.4,160,477,615,"1,476",41.7
253,La Salle (Atlantic 10),25,9-16,"1,702",68.1,195,573,633,"1,453",43.6
40,Lafayette (Patriot),15,9-6,"1,165",77.7,129,358,405,928,43.6
288,Lamar University (Southland),28,10-18,"1,843",65.8,139,445,670,"1,608",41.7
247,Lehigh (Patriot),15,4-11,"1,025",68.3,73,231,388,901,43.1
92,Liberty (ASUN),29,23-6,"2,157",74.4,297,761,782,"1,605",48.7
175,Lipscomb (ASUN),27,15-12,"1,922",71.2,200,569,687,"1,493",46
241,Little Rock (Sun Belt),26,11-15,"1,786",68.7,147,472,638,"1,401",45.5
102,LIU (NEC),18,9-9,"1,332",74,134,467,479,"1,155",41.5
221,LMU (CA) (WCC),22,13-9,"1,529",69.5,135,400,525,"1,147",45.8
106,Long Beach St. (Big West),18,6-12,"1,328",73.8,127,354,466,"1,047",44.5
282,Longwood (Big South),29,12-17,"1,920",66.2,207,600,685,"1,579",43.4
116,Louisiana Tech (C-USA),32,24-8,"2,339",73.1,240,698,832,"1,870",44.5
91,Louisiana (Sun Belt),26,17-9,"1,934",74.4,185,532,713,"1,607",44.4
255,Louisville (ACC),20,13-7,"1,359",68,107,347,494,"1,146",43.1
181,Loyola Chicago (MVC),31,26-5,"2,202",71,221,606,804,"1,614",49.8
147,Loyola Maryland (Patriot),17,6-11,"1,226",72.1,92,301,461,992,46.5
10,LSU (SEC),29,19-10,"2,371",81.8,234,674,836,"1,823",45.9
339,Maine (America East),9,2-7,478,53.1,64,203,172,452,38.1
322,Manhattan (MAAC),20,7-13,"1,268",63.4,115,435,439,"1,165",37.7
321,Marist (MAAC),21,12-9,"1,332",63.4,142,458,475,"1,113",42.7
211,Marquette (Big East),27,13-14,"1,883",69.7,179,555,661,"1,484",44.5
23,Marshall (C-USA),22,15-7,"1,758",79.9,204,567,656,"1,382",47.5
234,Maryland (Big Ten),31,17-14,"2,135",68.9,253,708,753,"1,636",46
51,Massachusetts (Atlantic 10),15,8-7,"1,151",76.7,132,405,394,920,42.8
20,McNeese (Southland),24,10-14,"1,927",80.3,204,526,718,"1,456",49.3
139,Memphis (AAC),28,20-8,"2,027",72.4,218,600,737,"1,661",44.4
52,Mercer (SoCon),29,18-11,"2,225",76.7,250,673,832,"1,738",47.9
277,Miami (FL) (ACC),27,10-17,"1,794",66.4,150,508,647,"1,524",42.5
141,Miami (OH) (MAC),23,12-11,"1,663",72.3,197,540,598,"1,369",43.7
225,Michigan St. (Big Ten),28,15-13,"1,944",69.4,178,555,697,"1,635",42.6
68,Michigan (Big Ten),28,23-5,"2,121",75.8,206,541,771,"1,598",48.2
329,Middle Tenn. (C-USA),23,5-18,"1,426",62,171,528,511,"1,323",38.6
70,Milwaukee (Horizon),22,10-12,"1,662",75.5,159,484,588,"1,348",43.6
136,Minnesota (Big Ten),29,14-15,"2,103",72.5,207,730,704,"1,794",39.2
229,Mississippi St. (SEC),33,18-15,"2,287",69.3,179,522,847,"1,866",45.4
337,Mississippi Val. (SWAC),24,2-22,"1,364",56.8,214,651,480,"1,347",35.6
113,Missouri St. (MVC),24,17-7,"1,762",73.4,180,515,637,"1,332",47.8
112,Missouri (SEC),26,16-10,"1,909",73.4,184,567,668,"1,497",44.6
60,Monmouth (MAAC),20,12-8,"1,521",76,154,424,518,"1,226",42.3
101,Montana St. (Big Sky),23,13-10,"1,703",74,142,431,586,"1,298",45.1
186,Montana (Big Sky),28,15-13,"1,981",70.8,154,425,697,"1,514",46
238,Morehead St. (OVC),31,23-8,"2,132",68.8,207,581,764,"1,651",46.3
24,Morgan St. (MEAC),22,14-8,"1,755",79.8,182,530,602,"1,389",43.3
324,Mount St. Mary's (NEC),23,12-11,"1,454",63.2,152,455,527,"1,241",42.5
58,Murray St. (OVC),26,13-13,"1,986",76.4,212,576,757,"1,522",49.7
142,N.C. A&T (MEAC),21,11-10,"1,517",72.2,137,429,536,"1,273",42.1
267,N.C. Central (MEAC),14,5-9,942,67.3,95,280,333,791,42.1
162,Navy (Patriot),18,15-3,"1,287",71.5,111,340,466,"1,042",44.7
125,NC State (ACC),25,14-11,"1,820",72.8,167,464,671,"1,425",47.1
203,Nebraska (Big Ten),27,7-20,"1,889",70,228,684,671,"1,604",41.8
107,Nevada (Mountain West),26,16-10,"1,916",73.7,201,567,646,"1,445",44.7
268,New Hampshire (America East),19,10-9,"1,278",67.3,129,406,452,"1,125",40.2
178,New Mexico St. (WAC),20,12-8,"1,422",71.1,175,553,492,"1,156",42.6
305,New Mexico (Mountain West),22,6-16,"1,436",65.3,105,382,538,"1,303",41.3
64,New Orleans (Southland),25,10-15,"1,899",76,137,417,703,"1,476",47.6
311,Niagara (MAAC),20,9-11,"1,293",64.7,128,409,448,"1,099",40.8
33,Nicholls (Southland),25,18-7,"1,960",78.4,194,605,734,"1,611",45.6
284,NJIT (America East),19,7-12,"1,256",66.1,119,390,440,"1,088",40.4
111,Norfolk St. (MEAC),25,17-8,"1,839",73.6,194,528,630,"1,477",42.7
74,North Carolina (ACC),29,18-11,"2,181",75.2,162,509,801,"1,826",43.9
211,North Dakota St. (Summit League),27,15-12,"1,883",69.7,184,540,659,"1,491",44.2
239,North Dakota (Summit League),26,9-17,"1,787",68.7,190,564,623,"1,454",42.8
217,North Florida (ASUN),23,8-15,"1,601",69.6,229,625,570,"1,282",44.5
208,North Texas (C-USA),28,18-10,"1,954",69.8,214,571,717,"1,516",47.3
270,Northeastern (CAA),19,10-9,"1,277",67.2,162,458,457,"1,044",43.8
326,Northern Ariz. (Big Sky),22,6-16,"1,390",63.2,139,397,505,"1,197",42.2
191,Northern Colo. (Big Sky),22,11-11,"1,551",70.5,199,528,549,"1,221",45
328,Northern Ill. (MAC),19,3-16,"1,184",62.3,104,321,456,"1,143",39.9
167,Northern Ky. (Horizon),25,14-11,"1,784",71.4,179,584,658,"1,477",44.5
129,Northwestern St. (Southland),29,11-18,"2,106",72.6,210,603,770,"1,788",43.1
199,Northwestern (Big Ten),24,9-15,"1,686",70.2,200,566,607,"1,402",43.3
126,Notre Dame (ACC),26,11-15,"1,890",72.7,236,642,679,"1,479",45.9
86,Oakland (Horizon),30,12-18,"2,240",74.7,259,778,773,"1,855",41.7
45,Ohio St. (Big Ten),31,21-10,"2,392",77.2,252,700,819,"1,786",45.9
29,Ohio (MAC),25,17-8,"1,980",79.2,209,593,728,"1,519",47.9
56,Oklahoma St. (Big 12),30,21-9,"2,297",76.6,190,573,816,"1,780",45.8
89,Oklahoma (Big 12),27,16-11,"2,012",74.5,212,622,722,"1,630",44.3
248,Old Dominion (C-USA),23,15-8,"1,571",68.3,113,392,586,"1,308",44.8
237,Ole Miss (SEC),28,16-12,"1,927",68.8,146,486,700,"1,587",44.1
266,Omaha (Summit League),25,5-20,"1,683",67.3,133,397,625,"1,494",41.8
14,Oral Roberts (Summit League),29,18-11,"2,352",81.1,323,850,811,"1,805",44.9
192,Oregon St. (Pac-12),33,20-13,"2,325",70.5,230,645,803,"1,843",43.6
81,Oregon (Pac-12),28,21-7,"2,097",74.9,234,621,779,"1,652",47.2
209,Pacific (WCC),18,9-9,"1,256",69.8,93,311,479,"1,093",43.8
128,Penn St. (Big Ten),25,11-14,"1,816",72.6,221,654,637,"1,562",40.8
48,Pepperdine (WCC),27,15-12,"2,076",76.9,187,573,744,"1,607",46.3
176,Pittsburgh (ACC),22,10-12,"1,566",71.2,144,426,554,"1,283",43.2
240,Portland St. (Big Sky),22,9-13,"1,512",68.7,152,517,532,"1,335",39.9
222,Portland (WCC),21,6-15,"1,459",69.5,153,451,488,"1,187",41.1
171,Prairie View (SWAC),21,16-5,"1,497",71.3,139,457,567,"1,265",44.8
317,Presbyterian (Big South),22,7-15,"1,411",64.1,128,418,499,"1,199",41.6
205,Providence (Big East),26,13-13,"1,816",69.8,164,513,657,"1,529",43
75,Purdue Fort Wayne (Horizon),23,8-15,"1,728",75.1,204,510,631,"1,259",50.1
180,Purdue (Big Ten),28,18-10,"1,989",71,201,603,714,"1,596",44.7
263,Quinnipiac (MAAC),22,9-13,"1,485",67.5,169,522,505,"1,258",40.1
258,Radford (Big South),27,15-12,"1,826",67.6,158,504,644,"1,408",45.7
164,Rhode Island (Atlantic 10),25,10-15,"1,786",71.4,143,458,635,"1,436",44.2
105,Rice (C-USA),28,15-13,"2,068",73.9,286,800,731,"1,660",44
87,Richmond (Atlantic 10),23,14-9,"1,717",74.7,173,484,624,"1,321",47.2
262,Rider (MAAC),23,6-17,"1,553",67.5,145,411,564,"1,318",42.8
140,Robert Morris (Horizon),19,4-15,"1,374",72.3,142,394,518,"1,169",44.3
230,Rutgers (Big Ten),28,16-12,"1,939",69.2,172,551,741,"1,652",44.9
144,Sacramento St. (Big Sky),20,8-12,"1,443",72.2,133,362,531,"1,157",45.9
198,Sacred Heart (NEC),18,9-9,"1,265",70.3,143,434,431,"1,046",41.2
235,Saint Francis (PA) (NEC),22,6-16,"1,515",68.9,129,417,541,"1,266",42.7
144,Saint Joseph's (Atlantic 10),20,5-15,"1,443",72.2,191,609,506,"1,238",40.9
77,Saint Louis (Atlantic 10),21,14-7,"1,575",75,137,394,586,"1,269",46.2
313,Saint Mary's (CA) (WCC),24,14-10,"1,542",64.2,148,503,562,"1,331",42.2
325,Saint Peter's (MAAC),25,14-11,"1,580",63.2,154,477,555,"1,386",40
26,Sam Houston (Southland),28,19-9,"2,229",79.6,255,715,797,"1,758",45.3
49,Samford (SoCon),19,6-13,"1,460",76.8,151,484,541,"1,218",44.4
109,San Diego St. (Mountain West),28,23-5,"2,062",73.6,240,651,719,"1,596",45.1
281,San Diego (WCC),14,3-11,927,66.2,82,270,352,847,41.6
164,San Francisco (WCC),25,11-14,"1,786",71.4,259,759,647,"1,513",42.8
291,San Jose St. (Mountain West),21,5-16,"1,381",65.8,157,494,493,"1,257",39.2
216,Santa Clara (WCC),20,12-8,"1,393",69.7,110,359,486,"1,121",43.4
122,Seattle U (WAC),23,12-11,"1,677",72.9,186,593,593,"1,426",41.6
173,Seton Hall (Big East),27,14-13,"1,924",71.3,180,561,673,"1,525",44.1
21,SFA (Southland),21,16-5,"1,686",80.3,100,297,622,"1,195",52.1
259,Siena (MAAC),17,12-5,"1,149",67.6,108,314,411,894,46
293,SIUE (OVC),26,9-17,"1,709",65.7,156,490,619,"1,403",44.1
88,SMU (AAC),17,11-6,"1,269",74.6,130,371,456,999,45.6
100,South Alabama (Sun Belt),28,17-11,"2,075",74.1,256,707,715,"1,621",44.1
334,South Carolina St. (MEAC),18,1-17,"1,102",61.2,123,388,401,"1,033",38.8
135,South Carolina (SEC),21,6-15,"1,523",72.5,142,466,566,"1,364",41.5
18,South Dakota St. (Summit League),23,16-7,"1,850",80.4,185,458,655,"1,315",49.8
64,South Dakota (Summit League),25,14-11,"1,899",76,186,478,674,"1,439",46.8
287,South Fla. (AAC),22,9-13,"1,449",65.9,138,422,516,"1,277",40.4
232,Southeast Mo. St. (OVC),27,11-16,"1,864",69,205,582,630,"1,468",42.9
249,Southeastern La. (Southland),26,8-18,"1,775",68.3,177,607,591,"1,498",39.5
78,Southern California (Pac-12),33,25-8,"2,473",74.9,214,594,904,"1,917",47.2
297,Southern Ill. (MVC),26,12-14,"1,704",65.5,210,560,614,"1,362",45.1
316,Southern Miss. (C-USA),25,8-17,"1,605",64.2,134,421,603,"1,396",43.2
206,Southern U. (SWAC),19,8-11,"1,327",69.8,104,322,465,"1,077",43.2
3,Southern Utah (Big Sky),24,20-4,"2,021",84.2,211,618,699,"1,475",47.4
202,St. Bonaventure (Atlantic 10),21,16-5,"1,471",70,134,390,542,"1,224",44.3
39,St. Francis Brooklyn (NEC),19,9-10,"1,476",77.7,118,356,542,"1,215",44.6
30,St. John's (NY) (Big East),27,16-11,"2,132",79,200,580,779,"1,744",44.7
211,Stanford (Pac-12),27,14-13,"1,883",69.7,145,451,678,"1,461",46.4
170,Stetson (ASUN),27,12-15,"1,925",71.3,246,667,687,"1,587",43.3
283,Stony Brook (America East),23,9-14,"1,522",66.2,140,473,543,"1,318",41.2
82,Syracuse (ACC),28,18-10,"2,095",74.8,237,679,743,"1,682",44.2
273,TCU (Big 12),26,12-14,"1,736",66.8,175,518,625,"1,428",43.8
289,Temple (AAC),16,5-11,"1,053",65.8,115,336,348,868,40.1
245,Tennessee St. (OVC),23,4-19,"1,573",68.4,138,480,568,"1,342",42.3
275,Tennessee Tech (OVC),27,5-22,"1,797",66.6,208,648,656,"1,517",43.2
152,Tennessee (SEC),27,18-9,"1,941",71.9,178,539,682,"1,555",43.9
312,Texas A&M (SEC),18,8-10,"1,157",64.3,117,391,401,966,41.5
104,Texas Southern (SWAC),26,17-9,"1,921",73.9,117,424,695,"1,564",44.4
278,Texas St. (Sun Belt),25,18-7,"1,660",66.4,139,366,629,"1,361",46.2
136,Texas Tech (Big 12),29,18-11,"2,103",72.5,185,523,734,"1,672",43.9
93,Texas (Big 12),27,19-8,"2,008",74.4,232,652,702,"1,547",45.4
16,The Citadel (SoCon),25,13-12,"2,019",80.8,256,720,708,"1,566",45.2
15,Toledo (MAC),30,21-9,"2,433",81.1,314,843,852,"1,869",45.6
264,Towson (CAA),18,4-14,"1,214",67.4,90,311,434,"1,055",41.1
304,Troy (Sun Belt),28,11-17,"1,829",65.3,171,619,636,"1,596",39.8
318,Tulane (AAC),23,10-13,"1,470",63.9,151,507,486,"1,269",38.3
245,Tulsa (AAC),23,11-12,"1,573",68.4,159,504,566,"1,262",44.8
132,UAB (C-USA),29,22-7,"2,105",72.6,147,475,788,"1,746",45.1
151,UC Davis (Big West),18,10-8,"1,295",71.9,102,315,449,"1,020",44
143,UC Irvine (Big West),27,18-9,"1,950",72.2,132,390,729,"1,615",45.1
200,UC Riverside (Big West),22,14-8,"1,544",70.2,201,542,572,"1,280",44.7
63,UC Santa Barbara (Big West),27,22-5,"2,051",76,181,522,739,"1,534",48.2
269,UCF (AAC),23,11-12,"1,546",67.2,180,507,542,"1,262",42.9
123,UCLA (Pac-12),31,22-9,"2,259",72.9,210,569,822,"1,796",45.8
156,UConn (Big East),23,15-8,"1,650",71.7,155,463,602,"1,388",43.4
256,UIC (Horizon),22,9-13,"1,489",67.7,178,544,558,"1,301",42.9
254,UIW (Southland),22,8-14,"1,495",68,168,449,524,"1,178",44.5
314,ULM (Sun Belt),26,7-19,"1,670",64.2,194,571,609,"1,464",41.6
244,UMass Lowell (America East),23,11-12,"1,575",68.5,150,433,560,"1,240",45.2
219,UMBC (America East),20,14-6,"1,391",69.5,139,408,483,"1,099",43.9
114,UNC Asheville (Big South),20,10-10,"1,468",73.4,161,450,548,"1,152",47.6
121,UNC Greensboro (SoCon),30,21-9,"2,189",73,228,763,822,"1,954",42.1
59,UNCW (CAA),17,7-10,"1,297",76.3,128,371,442,"1,011",43.7
220,UNI (MVC),25,10-15,"1,738",69.5,186,572,647,"1,461",44.3
223,UNLV (Mountain West),27,12-15,"1,875",69.4,225,639,706,"1,587",44.5
286,USC Upstate (Big South),23,5-18,"1,515",65.9,171,507,538,"1,268",42.4
107,UT Arlington (Sun Belt),26,13-13,"1,916",73.7,235,659,677,"1,659",40.8
299,UT Martin (OVC),24,8-16,"1,571",65.5,165,495,556,"1,393",39.9
132,Utah St. (Mountain West),29,20-9,"2,105",72.6,185,557,773,"1,732",44.6
98,Utah Valley (WAC),22,11-11,"1,632",74.2,116,335,592,"1,246",47.5
146,Utah (Pac-12),25,12-13,"1,803",72.1,172,484,656,"1,398",46.9
186,UTEP (C-USA),24,12-12,"1,698",70.8,171,524,608,"1,432",42.5
138,UTRGV (WAC),19,9-10,"1,376",72.4,126,429,476,"1,164",40.9
32,UTSA (C-USA),26,15-11,"2,050",78.8,209,625,768,"1,717",44.7
306,Valparaiso (MVC),28,10-18,"1,821",65,189,635,660,"1,576",41.9
155,Vanderbilt (SEC),25,9-16,"1,794",71.8,233,667,609,"1,416",43
158,VCU (Atlantic 10),26,19-7,"1,864",71.7,168,510,659,"1,460",45.1
119,Vermont (America East),15,10-5,"1,095",73,116,337,383,828,46.3
84,Villanova (Big East),25,18-7,"1,870",74.8,229,648,655,"1,445",45.3
149,Virginia Tech (ACC),22,15-7,"1,585",72,180,508,558,"1,240",45
251,Virginia (ACC),25,18-7,"1,705",68.2,212,566,629,"1,326",47.4
22,VMI (SoCon),25,13-12,"2,001",80,270,711,706,"1,517",46.5
174,Wagner (NEC),20,13-7,"1,425",71.2,117,368,533,"1,205",44.2
280,Wake Forest (ACC),22,6-16,"1,458",66.3,195,562,501,"1,222",41
242,Washington St. (Pac-12),27,14-13,"1,853",68.6,208,610,633,"1,539",41.1
257,Washington (Pac-12),26,5-21,"1,759",67.7,197,593,641,"1,513",42.4
9,Weber St. (Big Sky),23,17-6,"1,881",81.8,193,496,656,"1,300",50.5
43,West Virginia (Big 12),29,19-10,"2,243",77.3,216,593,769,"1,793",42.9
71,Western Caro. (SoCon),27,11-16,"2,039",75.5,226,662,716,"1,577",45.4
119,Western Ill. (Summit League),22,7-15,"1,606",73,157,497,550,"1,363",40.4
127,Western Ky. (C-USA),29,21-8,"2,108",72.7,185,536,733,"1,634",44.9
327,Western Mich. (MAC),21,5-16,"1,325",63.1,141,427,499,"1,153",43.3
163,Wichita St. (AAC),22,16-6,"1,572",71.5,178,530,533,"1,317",40.5
308,William & Mary (CAA),17,7-10,"1,101",64.8,98,342,388,948,40.9
31,Winthrop (Big South),25,23-2,"1,972",78.9,210,597,695,"1,521",45.7
204,Wisconsin (Big Ten),31,18-13,"2,167",69.9,269,738,767,"1,806",42.5
94,Wofford (SoCon),24,15-9,"1,784",74.3,246,692,646,"1,374",47
7,Wright St. (Horizon),24,18-6,"1,967",82,179,484,710,"1,471",48.3
55,Wyoming (Mountain West),25,14-11,"1,915",76.6,251,704,649,"1,442",45
83,Xavier (Big East),21,13-8,"1,571",74.8,162,498,589,"1,285",45.8
90,Youngstown St. (Horizon),27,15-12,"2,010",74.4,186,606,717,"1,672",42.9